Store,Age0to9,Age10to17,Age18to24,Age25to29,Age30to39,Age40to49,Age50to64,Age65Plus,EdLTHS,EdHSGrad,EdSomeCol,EdAssociate,EdBachelor,EdMaster,EdProfSchl,EdDoctorate,HHSz1Per,HHSz2Per,HHSz3Per,HHSz4Per,HHSz5PlusPer,HHIncU25K,HHInc25Kto50K,HHInc50Kto75K,HHInc75Kto100K,HHInc100Kto150K,HHInc150Kto250K,HHInc250KPlus,PopAsian,PopBlack,PopHispanic,PopMulti,PopNativeAmer,PopOther,PopPacIsl,PopWhite,HVal0to100K,HVal100Kto200K,HVal200Kto300K,HVal300Kto400K,HVal400Kto500K,HVal500Kto750K,HVal750KPlus,PopDens
S0001,0.138162853708721,0.111414427445148,0.113227534785177,8.16713182716401e-002,0.134923706887771,0.128832481104977,0.160429441603683,0.131358608185467,0.241934968187486,0.23282284106532,0.211753045368801,0.117754260319084,0.129967707900374,3.84947405441698e-002,8.37676247721968e-003,1.79045304856604e-003,0.263372805226623,0.283730968908592,0.151898734177215,0.132182231814735,0.168756927025608,0.227614769876918,0.273172723560637,0.21787318439013,0.114157382021816,0.116199031674736,3.73913550720411e-002,1.35915534037216e-002,6.06066779391692e-002,2.38963473017296e-002,0.431112107075193,2.15739401470858e-002,4.56332633894921e-003,1.28343553282947e-003,2.66873102858191e-003,0.454295434636462,0.0738525390625,0.115966796875,0.2235107421875,0.3018798828125,0.1807861328125,0.09716796875,0.0068359375,4260.94367229788
S0002,0.138954243775679,0.11272254802121,0.100572391754749,7.48323208203111e-002,0.121080169961723,0.146960705130456,0.195455982020578,0.109421638515293,0.125223613595707,0.299506694855532,0.186913861332466,9.0854881552556e-002,0.12657884750908,3.5832384669594e-002,6.99300699300699e-003,2.7104678267469e-003,0.218165802094548,0.307428795145346,0.19526279729862,0.159244396593912,0.120093961045317,0.186845453655672,0.243319956934521,0.193207399432319,0.152295194284036,0.152490946461779,5.1678574924146e-002,2.00645982186552e-002,1.74865690508796e-002,1.58713437971839e-002,0.193581235296183,3.10755293374065e-002,8.70817093296815e-003,7.02271849432915e-004,2.87931458267495e-003,0.729695565153271,0.124956491472329,0.127915071353985,0.206578489383919,0.223807866341803,0.174730247128437,0.129133310128785,1.28785241907414e-002,3061.06007258696
S0003,0.108581987268648,9.12616627917602e-002,0.11348568991949,0.111414560849569,0.18290912413576,0.144938424520544,0.150248230910586,9.71704721971228e-002,0.321859983736231,0.172440304576033,0.266370961780143,6.05455755156354e-002,0.215125304945664,6.05160050269831e-002,1.50809492126857e-002,6.2689435942929e-003,0.30690069334498,0.287274116940547,0.14898727957635,0.116831358846973,0.139979254244691,0.35551673308948,0.256128186930174,0.156685046677949,8.32559917016979e-002,8.63678549980892e-002,4.08090844570617e-002,2.12371021455479e-002,0.223656023148383,3.00928981166557e-002,0.541976750088837,1.69754809888827e-002,1.83765673384436e-003,2.5788111071628e-003,8.02071171125438e-004,0.182080308645109,2.46652572233968e-002,6.52572233967583e-002,0.114869626497533,0.150105708245243,0.155461592670895,0.251444679351656,0.238195912614517,13740.9233280646
S0004,0.142757736678264,0.102581944698773,8.39406702069218e-002,6.23695293902216e-002,0.131660867972899,0.134041384361838,0.158762131477751,0.183922358542392,0.198361998361998,0.206661206661207,0.196287196287196,0.114004914004914,0.184711984711985,6.44826644826645e-002,1.38138138138138e-002,1.37046137046137e-002,0.274992838728158,0.316623699035615,0.140265444476272,0.128807409529266,0.139310608230688,0.206435596295235,0.249307743721952,0.181323403036379,0.124510646424138,0.143416404086699,6.53107991979376e-002,2.95999236131004e-002,5.71282088841689e-002,1.89328743545611e-002,0.377009557988794,2.30710074339913e-002,2.6000659171641e-003,2.45358333028161e-003,1.9042736294723e-003,0.516900428461567,0.175373686547284,0.112919934882344,9.51605742193281e-002,0.247891075921267,0.152582507029747,0.161462187361255,5.46100340387746e-002,2947.36720349491
S0005,0.112396032557933,8.36520926922564e-002,9.13134368189299e-002,0.103055642040653,0.183738824889917,0.146510696971045,0.16569185606903,0.113630298447716,0.164271559862067,0.158904024091498,0.257828956607218,5.71704972772239e-002,0.297040053675358,9.10296618764531e-002,3.63088829596343e-002,1.71948384278113e-002,0.355434984973005,0.303093167371473,0.145535785526211,0.101199499986702,9.47631585946435e-002,0.246575706800713,0.227107103912338,0.17447272533844,0.109178435596691,0.125801218117503,7.36987685842709e-002,4.31660416500439e-002,8.01374356465369e-002,0.179411339552778,0.301491110048592,3.31691370242291e-002,1.94589305371777e-003,5.74872405012621e-003,1.37880422092002e-003,0.3967175564031,2.1851953018301e-002,2.28535008649731e-002,7.08367477009924e-002,0.113448056086679,0.126377128289174,0.208777201129018,0.435855412910862,12124.7402093806
S0006,0.124271186440678,0.106169491525424,9.14576271186441e-002,0.07,0.136271186440678,0.152271186440678,0.194949152542373,0.124610169491525,0.141471705658868,0.277194561087782,0.200959808038392,0.103379324135173,0.119676064787043,4.57408518296341e-002,7.89842031593681e-003,5.24895020995801e-003,0.229728485964105,0.32646111366774,0.184721583064887,0.153704555913484,0.105384261389784,0.174321214910262,0.227887712839393,0.200460193281178,0.151311550851358,0.180487804878049,4.79521398987575e-002,1.75793833410032e-002,4.02372881355932e-002,2.16949152542373e-002,0.171559322033898,3.24406779661017e-002,5.52542372881356e-003,1.6271186440678e-003,4.54237288135593e-003,0.722372881355932,0.122939746014591,0.124290732234531,0.153336935963253,0.293704404215077,0.218589570386382,7.86273980005404e-002,8.51121318562551e-003,3624.19129565674
S0007,0.122797273415804,0.113456197929816,9.04822014642767e-002,6.4276697803585e-002,0.122418581166372,0.143069931835395,0.191719262812421,0.151754607422368,0.103607319634018,0.166791660416979,0.181828408579571,0.103157342132893,0.203614819259037,0.102482375881206,2.28363581820909e-002,1.22993850307485e-002,0.228354677060134,0.320712694877506,0.169404231625835,0.149846881959911,0.131611915367483,0.138571826280624,0.191745545657016,0.161400334075724,0.153883630289532,0.212834075723831,0.103702672605791,3.78619153674833e-002,8.14420236802908e-002,1.84292242053975e-002,0.271389260558936,3.13044356365656e-002,2.54979677362349e-003,1.66620383226881e-003,1.84292242053975e-003,0.591376132892378,2.30049532195927e-002,4.84314804623005e-002,8.02421574023115e-002,0.114584479911943,0.209025866813429,0.36862960924601,0.156081452944414,4582.324701558
S0008,0.123948171660601,9.41784521296927e-002,0.117854630260527,0.106720068247664,0.185526177299896,0.142483616683008,0.146998376902154,8.2290506816457e-002,0.342596377651898,0.20303336197619,0.279401336481267,5.04058665020398e-002,0.208214103965228,3.72913312254415e-002,9.32700409620663e-003,4.05449373055136e-003,0.30514434032022,0.255557064602291,0.160215491873783,0.13466733064723,0.144415772556476,0.423121614076388,0.30055683824528,0.13705162448881,5.97733411803764e-002,5.32844402191136e-002,1.75351230627613e-002,8.66192825991821e-003,0.278332354668233,3.92370843904763e-002,0.589957788143011,1.14614609069456e-002,1.55109185787567e-003,2.96369337129815e-003,8.30942066719108e-004,7.5665584595442e-002,2.3879918125995e-002,7.11848987946327e-002,0.164885148965204,0.175574255173982,0.169888560382079,0.230839208551285,0.163748010006823,32736.4559745611
S0009,0.140008980691513,0.142373896123335,0.105493189642269,6.85226762460709e-002,0.117018410417602,0.146505014219428,0.186139799431223,9.39380332285586e-002,0.139922727050423,0.261554262238959,0.191177189807796,8.77879395510344e-002,0.134102802367095,6.13781972905561e-002,2.01007482760307e-002,1.03682691837433e-002,0.193511111111111,0.2832,0.184444444444444,0.159822222222222,0.178933333333333,0.186933333333333,0.183288888888889,0.213688888888889,0.139644444444444,0.172711111111111,7.12888888888889e-002,3.24444444444444e-002,4.84073763621123e-002,0.123428331936295,0.287600287390732,3.08046940486169e-002,4.72997245838822e-003,3.14333612740989e-003,2.09555741827326e-003,0.499790444258173,7.21268163804491e-002,0.383619550858653,0.31664464993395,0.131836195508587,5.28401585204756e-002,1.9550858652576e-002,2.33817701453104e-002,2778.39673539859
S0010,0.11927548841256,9.38859447915843e-002,0.106699359329273,8.63719054021988e-002,0.145851459305545,0.137388278098553,0.182077038677529,0.128450525982757,0.259448773113153,0.140830329108036,0.214443539946505,6.69845330852425e-002,0.191650191882777,8.08233515525061e-002,3.59344109780207e-002,2.04674962204908e-002,0.300906640529282,0.291595197255575,0.128889977946582,0.114677775055134,0.163930409213428,0.181083067875521,0.236461651555991,0.174222004410684,0.127664788042147,0.120803724577309,8.89487870619946e-002,7.13060524381279e-002,1.66864373270067e-002,1.73190984578885e-002,0.546777382364571,1.28904705417161e-002,5.77303281929616e-003,1.66073546856465e-003,7.11743772241993e-004,0.398181099248715,5.85042219541616e-002,3.67913148371532e-002,2.41254523522316e-002,2.83474065138721e-002,5.66948130277443e-002,0.205066344993969,0.590470446320869,3144.97604011776
S0011,2.44897959183673e-002,3.06122448979592e-002,2.6530612244898e-002,1.22448979591837e-002,3.06122448979592e-002,5.91836734693878e-002,0.324489795918367,0.489795918367347,0.290178571428571,0.310267857142857,3.34821428571429e-002,3.57142857142857e-002,5.35714285714286e-002,0.015625,0,2.00892857142857e-002,0.631410256410256,0.282051282051282,4.16666666666667e-002,2.24358974358974e-002,2.56410256410256e-002,0.403846153846154,0.304487179487179,0.150641025641026,8.65384615384615e-002,2.88461538461538e-002,1.28205128205128e-002,3.20512820512821e-003,4.28571428571429e-002,0.193877551020408,0.324489795918367,1.83673469387755e-002,2.04081632653061e-003,0,0,0.418367346938776,0,0.153846153846154,0.384615384615385,0.384615384615385,7.69230769230769e-002,0,0,117.335340762999
S0012,0.166724602415921,0.128878074215695,0.114365169027548,7.34335621795429e-002,0.12535847744851,0.132745285478404,0.155079516815851,0.103328408794647,0.295647050158356,0.248582161007586,0.212491713927966,0.102231715401046,8.55859173602416e-002,2.12123444059807e-002,4.49289239154452e-003,3.31442881343448e-003,0.274452739466026,0.259774769075035,0.147285840819942,0.136403897254207,0.181829684929774,0.331646210299886,0.275971150196128,0.167910919903834,9.41414652663545e-002,9.80640263191193e-002,2.36619005440972e-002,8.47779324307225e-003,3.07217659583714e-002,4.40185981836353e-002,0.545952287837309,2.70716551514361e-002,6.73532351279711e-003,2.12923130404554e-003,2.08577760396298e-003,0.341285360448442,9.51932139491046e-002,0.156142004398366,0.413760603204524,0.233427584040214,6.84888469996858e-002,2.76468740182218e-002,5.34087338988376e-003,4978.9367513069
S0013,0.140148688610674,0.116352983445264,0.109001464776276,7.94848409474062e-002,0.14142000386922,0.137882430975873,0.162369068347014,0.113340519028273,0.203798074829043,0.219173308942027,0.222875560782264,7.81828476850037e-002,0.125833006664053,6.92103314604295e-002,1.26747680648112e-002,1.65512435210593e-002,0.247734394850512,0.271449140340476,0.166765478106208,0.140679258067248,0.173371728635555,0.241805708478022,0.280257474379605,0.185313796900144,0.115016515626323,0.118827814008639,4.48039298721098e-002,1.39747607351571e-002,2.00923085426858e-002,6.72967968382942e-002,0.470054998203576,2.03963187132079e-002,4.89180001658237e-003,1.54768814083962e-003,2.29389492303015e-003,0.413426194621784,7.05721657307634e-002,0.329185005311883,0.272575504628927,0.236758233419335,6.26802246167855e-002,2.41311276369707e-002,4.09773865533465e-003,4355.86819405036
S0014,0.142612411456729,0.121208038189098,6.38281490606714e-002,6.84477979673545e-002,0.169002155836156,0.188212195873114,0.173371573760394,7.32984293193717e-002,4.6865158889207e-002,8.3738906384197e-002,0.251359862582307,5.93186372745491e-002,0.405324935585457,0.161093615803035,6.27254509018036e-002,3.55568279415975e-002,0.205467839355727,0.305022782663982,0.190685599237046,0.202023948288651,9.68528133940871e-002,8.57793790399491e-002,9.01769630179082e-002,0.151478224011868,0.147610469428844,0.24992052559076,0.190155769842111,8.48786690685599e-002,0.406228946507286,1.55338684529653e-002,9.62445381224615e-002,4.23090989586341e-002,8.08454120228677e-004,1.84789513195126e-003,1.36667244133895e-003,0.435660526265134,2.02390299223589e-002,1.40451888685335e-002,5.8274448224723e-002,6.91790979673733e-002,0.109395446218267,0.36500043618599,0.363866352612754,5957.58955593162
S0015,0.160050977588511,0.126822293369805,6.33800627894688e-002,5.89661496378726e-002,0.163563457772528,0.192222809362469,0.17444282117435,6.0582512200429e-002,4.24799081515499e-002,9.2470340604669e-002,0.251722158438576,8.17068503635668e-002,0.33232874091083,0.187858783008037,4.13796402602373e-002,4.09969383849981e-002,0.164991550297963,0.291203415458508,0.207417948946011,0.224939962643423,0.111447122654096,5.06982122209375e-002,0.11109134572623,0.139197723027662,0.162856888730766,0.291470248154407,0.180201013964244,6.45735124077204e-002,0.291629106959684,2.53022908830935e-002,0.10727052314196,4.4356718783998e-002,2.42454384383451e-003,2.51779553013584e-003,2.02045320319542e-003,0.524478567654098,1.57829839704069e-002,1.24537607891492e-002,7.18865598027127e-002,0.150061652281134,0.155117139334155,0.343526510480888,0.251171393341554,3244.42975121603
S0016,0.145634379263302,0.113900587223441,0.110430630523756,8.07135654546533e-002,0.131932498961979,0.132125274334184,0.172741562370247,0.112506672993653,0.226398663120484,0.277378962976911,0.209405229835008,6.72911714171394e-002,0.116247322710476,4.51432202791442e-002,1.26391602137124e-002,7.24927624920564e-003,0.225856697819315,0.285176531671859,0.176661474558671,0.151825891311873,0.160522672204915,0.285695742471443,0.275484596746279,0.174065420560748,9.64001384562132e-002,0.101462443752163,4.62962962962963e-002,2.06386292834891e-002,3.33362991962511e-002,6.7740309042916e-002,0.293946673784738,4.67419995847792e-002,4.28567191624403e-003,2.71376456980158e-003,4.49328232049115e-003,0.546741999584779,0.142620048683337,9.82518256251383e-002,0.182451869882717,0.225713653463156,0.139190086302279,0.126244744412481,8.55277716308918e-002,6038.23114220994
S0017,0.110522066738428,0.11197524219591,7.17168998923574e-002,4.7443487621098e-002,0.103363832077503,0.166926803013994,0.244671689989236,0.143353067814855,1.81873641666984e-002,0.121020322568346,0.146452129484882,9.91726083806764e-002,0.340336294658177,0.121821024135433,4.13314523201281e-002,2.35253746139475e-002,0.212865742685146,0.365532689346213,0.169536609267815,0.162676746465071,8.93882122357553e-002,8.19683606327873e-002,0.142797144057119,0.153996920061599,0.130617387652247,0.224345513089738,0.171706565868683,9.46381072378552e-002,7.5138597341084e-002,1.10339630765919e-002,0.134264492168577,3.21330534474407e-002,2.09914419505894e-003,1.96458366973465e-003,1.10339630765919e-003,0.742262769793853,1.42494632051532e-002,3.93324224087449e-002,3.7575639273863e-002,6.48057778645325e-002,7.49560804216279e-002,0.279035721257076,0.490044895569003,4048.76666350232
S0018,0.135731655250506,0.127953815596518,0.106922091663418,6.84598392456052e-002,0.145866978522767,0.141838837222253,0.16246217816636,0.11082029292198,0.231722063290766,0.261155513610759,0.231751555725956,9.22818297106792e-002,0.129147373698646,5.29684136019111e-002,9.17214734420621e-003,8.67077594596986e-003,0.171167378360498,0.235159680038492,0.189751608829013,0.182895290792085,0.221086185120587,0.180188849461719,0.229265652252361,0.190413183376436,0.147350694653275,0.160221326757683,6.42930173813677e-002,2.8207132976484e-002,6.6102355627332e-002,2.0177832228843e-002,0.714466039241893,8.6317313582447e-003,1.87484917673702e-003,1.26227469324869e-003,1.44790332460879e-003,0.186037014349093,1.41350944270652e-002,4.72714633298575e-002,7.5657513613718e-002,0.150967442938246,0.183524504692388,0.336925037654965,0.191518943343761,7755.70877943383
S0019,0.171342102199977,0.149031932642688,0.105886004733636,6.61933030691033e-002,0.124510146277112,0.120630116788888,0.157218794862841,0.10526520001552,0.271030565323235,0.318839599675412,0.217000270489586,6.20773600216392e-002,4.6388964024885e-002,1.81904246686503e-002,2.56965106843387e-003,1.48769272383013e-003,0.187991511671452,0.257895393833479,0.168643115715891,0.157034078142554,0.228685557358632,0.320933716140307,0.298589439520659,0.179378354762202,8.88777930345775e-002,8.01398077643241e-002,2.47160154787168e-002,7.36487329921358e-003,1.37741046831956e-002,5.45144143095488e-002,0.46312031971443,2.01373530438831e-002,4.69483568075117e-003,1.43561091064292e-003,2.28921739805223e-003,0.440034144259496,0.28069432684166,0.45766299745978,0.164055884843353,8.21337849280271e-002,1.16426756985605e-002,3.81033022861981e-003,0,2112.99078989889
S0020,0.110470522596243,9.94048726055421e-002,9.35465873163474e-002,6.88116049841919e-002,0.122466059140785,0.139854937697601,0.219360238050958,0.146085177608332,0.218766684463428,0.149225840896957,0.175787506673785,6.27335824879872e-002,0.204217832354511,6.05979711692472e-002,3.17672183662573e-002,1.90870261612387e-002,0.252918287937743,0.335927367055772,0.157717250324254,0.114137483787289,0.139299610894942,0.208300907911803,0.225162127107652,0.153566796368353,0.128923476005188,0.153566796368353,8.24902723735409e-002,4.72114137483787e-002,2.31563284664745e-002,5.67283548777085e-003,0.46517250999721,1.39495954617316e-002,3.25490560773738e-003,1.58095415232958e-003,8.36975727703897e-004,0.486375895099042,1.51515151515152e-002,4.44096133751306e-002,4.07523510971787e-002,1.25391849529781e-002,6.1128526645768e-002,0.333855799373041,0.492163009404389,4219.76529007771
S0021,7.24614676423435e-002,5.29214749440467e-002,7.7763139097446e-002,0.11636692645915,0.19709836664074,0.151494468166161,0.182891791933205,0.148954745313418,4.94422310756972e-002,0.108207171314741,0.247350597609562,4.80478087649402e-002,0.373665338645418,0.161653386454183,7.01593625498008e-002,3.81673306772908e-002,0.494316491102779,0.314199845265726,0.106379813128608,5.99595310361245e-002,2.51443194667619e-002,0.220555853121466,0.173004820567756,0.168928167589121,0.115485330000595,0.156400642742367,9.47747426054871e-002,7.08504433732072e-002,9.63696683969078e-002,3.94304490690033e-002,0.121101004809753,3.68112767274632e-002,1.44451323078877e-003,3.47635601695319e-003,1.20640665428512e-003,0.700160325094846,2.72959183673469e-002,1.00765306122449e-002,4.41326530612245e-002,4.66836734693878e-002,7.46173469387755e-002,0.268367346938776,0.528826530612245,12566.8128393521
S0022,0.131172408287094,0.131851023911221,8.9896610913736e-002,6.35104387050417e-002,0.123667717855575,0.164544329567682,0.200750469043152,9.46469202826234e-002,7.79100610696441e-002,0.201776571463821,0.191104805379064,0.114058355437666,0.223613595706619,8.79649620627969e-002,1.83208932206526e-002,1.62852384183579e-002,0.158169934640523,0.295424836601307,0.212240047534165,0.191919191919192,0.142245989304813,0.108021390374332,0.174093879976233,0.195127748068925,0.155912061794415,0.223767082590612,0.11146761734997,3.14913844325609e-002,0.118792910745649,1.8880728085582e-002,0.204414817180265,3.38895098195753e-002,3.35302570653042e-003,1.79626377135558e-003,2.43493533450423e-003,0.616437809356538,6.89716312056738e-002,5.47872340425532e-002,5.90425531914894e-002,0.16968085106383,0.218439716312057,0.307624113475177,0.12145390070922,2989.21976964103
S0023,0.109028603398839,0.102419749632841,8.65794810825932e-002,6.69802084061823e-002,0.130533603748514,0.161637177424995,0.197129169872019,0.145674522693895,8.10958904109589e-002,0.186500622665006,0.185952677459527,9.59153175591532e-002,0.228393524283935,9.04109589041096e-002,2.99377334993773e-002,1.23038605230386e-002,0.237369833113546,0.347278432085853,0.1692965303988,0.151380110045018,9.46750943567823e-002,0.109317448046928,0.184439088718112,0.18825883315902,0.143786094311309,0.218089218316584,0.109590286935565,4.64735573643763e-002,0.116789342098362,1.04026434952882e-002,0.16154693427977,3.45822333339161e-002,3.16450163470112e-003,2.15046243684109e-003,3.86383901253562e-003,0.667500043708586,6.54842089507559e-002,1.84104176021554e-002,7.9928154467894e-002,8.29965574015866e-002,8.78610986379285e-002,0.479344409519533,0.185975153420147,6000.98747340849
S0024,0.122707801896328,0.121961784665736,0.101674929008038,5.97054435192761e-002,0.129734802907061,0.148577754247485,0.181619098041103,0.134042450786928,0.101019769539447,0.244339726834297,0.198468504951589,9.88108824503921e-002,0.171777785958841,5.51117328719214e-002,1.66402827375474e-002,5.22769944409675e-003,0.185487396182428,0.27779396765263,0.177691971441061,0.184103161882559,0.174923502841323,0.128660935450969,0.187891592597989,0.194739909660498,0.15947836223226,0.219146146000291,7.80999562873379e-002,3.1910243333819e-002,5.18602300620879e-002,1.08052173075998e-002,0.518626365692833,1.3500505366511e-002,2.28618183568369e-003,1.05886316600087e-003,9.38537806228041e-004,0.400924098763055,3.13616514489877e-002,2.23302897975387e-002,7.89996030170703e-002,0.225684795553791,0.263199682413656,0.332969432314411,4.54545454545455e-002,6608.15920095729
S0025,0.130080721747388,0.117640075973409,9.86229819563153e-002,7.18898385565052e-002,0.136633428300095,0.148148148148148,0.175783475783476,0.121225071225071,0.162356530582595,0.193266017724829,0.209029492953654,7.16257445881156e-002,0.246295220107511,7.48946680226645e-002,2.01583611797181e-002,1.37294784251053e-002,0.155890101618367,0.299284907790741,0.177945050809183,0.174783590515619,0.192171622130222,0.129469326307866,0.184569062852842,0.202408731652239,0.149943545351901,0.197365449755363,9.72525404591645e-002,3.90666164847572e-002,0.103822412155745,1.36514719848053e-002,0.383760683760684,1.95868945868946e-002,2.80151946818614e-003,1.35327635327635e-003,2.44539411206078e-003,0.472578347578348,5.83827312381165e-002,1.85661559109719e-002,6.76658091936025e-002,0.145062073593558,0.185437870484286,0.389441896879544,0.135443462699922,4423.59734021742
S0026,0.103920954667223,0.126917858261142,7.42093727168354e-002,5.05166475315729e-002,0.110392095466722,0.172111470618933,0.222593327070939,0.139338273666632,6.95835002002403e-002,0.149829795754906,0.158840608730477,7.36884261113336e-002,0.299409291149379,0.119293151782139,4.94092911493793e-002,3.45915098117741e-002,0.251672623957474,0.281642379250298,0.184859316286317,0.190083402071304,9.16506278068005e-002,0.144441389423518,0.163871322518559,0.162863165612684,0.122811841261113,0.199340115479791,0.121895334983045,8.4960131976904e-002,0.232342912810521,6.99325029573447e-003,0.114327465033749,2.78338320228237e-002,1.35689931111266e-003,1.63523763134089e-003,5.91468930485005e-004,0.614918933964233,2.72087067861716e-002,4.59346991037132e-002,5.45774647887324e-002,0.114596670934699,7.76248399487836e-002,0.329385403329065,0.350672215108835,4717.30597852369
S0027,8.81431767337808e-002,0.115883668903803,8.0089485458613e-002,3.35570469798658e-002,6.97986577181208e-002,0.152796420581655,0.279418344519016,0.179642058165548,2.81337918099406e-002,0.12472647702407,9.75304782744608e-002,5.12660206314473e-002,0.337918099406064,0.133166614567052,5.59549859331041e-002,4.75148483901219e-002,0.265131226566685,0.34279592929834,0.180503481521157,0.128548473486877,8.30208891269416e-002,0.101231922870916,0.129619710765935,8.67702196036422e-002,0.102838778789502,0.203535083020889,0.176754151044456,0.19925013390466,2.19288431416424e-002,8.72678451555158e-003,6.51152383083464e-002,2.79704631908704e-002,1.34258223316178e-003,1.34258223316178e-003,1.11881852763482e-003,0.872454687849631,5.36370315944159e-002,5.73108008817046e-002,2.93901542983101e-003,3.60029390154298e-002,7.34753857457752e-002,0.129316678912564,0.647318148420279,1221.33667511006
S0028,0.139459116595548,0.118411947872218,0.108061353938415,6.62841656095029e-002,0.130521277822627,0.149665551839465,0.172240802675585,0.115413447122593,0.145955531305415,0.190560632928659,0.205838221252217,0.08575455826854,0.235574955667712,6.30655208475424e-002,1.69144727867958e-002,8.41176738053017e-003,0.235034763439037,0.274631168390707,0.161098863829066,0.169492962523317,0.159742241817874,0.163981685602849,0.150754620993726,0.169323384771918,0.131253179582839,0.225707987112091,0.115652026454129,4.32423266067492e-002,9.12760191431702e-002,2.13342558957504e-002,0.345240154529205,2.26892694458859e-002,2.42172634492302e-003,2.68119702473621e-003,6.9192181283515e-004,0.513665455803494,4.2111253378859e-002,6.97111964717599e-002,0.134727557262769,0.308151941954759,0.17982643334756,0.215962441314554,4.95091762697396e-002,4554.80838931459
S0029,0.147710520437793,0.126669644851463,0.11210632119723,7.4223810587447e-002,0.115546124637034,0.13354925173107,0.171990171990172,0.118226490953764,0.176089409880229,0.25199315592122,0.188321380465252,8.96647129491427e-002,0.12596017328625,4.88186683170119e-002,1.50715351851178e-002,9.79285740289053e-003,0.260699641209636,0.27434648898001,0.164146591491543,0.139543823680164,0.161327524346489,0.25089697590979,0.234559200410046,0.206752947206561,0.116670937980523,0.121348026652998,5.11276268580215e-002,1.86442849820605e-002,4.68851214009694e-002,0.179901270968751,0.317206102436954,3.19417454041859e-002,4.75775648328084e-003,3.95362862695169e-003,1.8092876767406e-003,0.413545087002167,8.25416409623689e-002,0.552375077112893,0.239481801357187,7.95805058605799e-002,2.88710672424429e-002,7.03269586674892e-003,1.01172115977791e-002,3829.22236926053
S0030,0.132087728524144,0.108516101091966,8.28719027438364e-002,5.6825563770223e-002,0.103133603489343,0.10378321526897,0.156772976149968,0.256008908961549,0.190635145639947,0.348804243449632,0.152453244318442,5.49179203438657e-002,8.02505830170561e-002,3.17344185833829e-002,5.80730714710321e-003,7.95646805981069e-003,0.337278106508876,0.326192794547225,0.114747958954385,9.84195940378998e-002,0.123286645195116,0.3873118118493,0.300052430529548,0.152423039472699,7.60991686016029e-002,5.52767582952588e-002,1.79012808029361e-002,1.09355104486555e-002,2.89532293986637e-002,6.11234842860678e-002,0.33701435288295,2.48082157881712e-002,7.08364266270725e-003,1.36104924523633e-003,2.96956198960653e-003,0.536686463746597,0.498336897125208,0.336184366832977,0.118436683297695,3.49251603706344e-002,6.65241149916845e-003,2.49465431218817e-003,2.96982656212877e-003,3640.03238517528
S0031,0.168031827755675,0.137023168733911,0.105078399251112,7.99204306108121e-002,0.141118652000936,0.139831500117014,0.156213433185116,7.26655745377955e-002,0.246230158730159,0.296230158730159,0.239285714285714,5.53571428571429e-002,0.108730158730159,3.5515873015873e-002,4.36507936507937e-003,2.97619047619048e-003,0.1726307510814,0.258356272119544,0.164372788045615,0.167125442390877,0.237514746362564,0.252457727093984,0.264254817145104,0.168698387731026,0.12347620920173,0.127015336217066,4.79748328745576e-002,1.6515926071569e-002,5.19541305874093e-002,4.76246197051252e-002,0.472501755207114,2.55090100631875e-002,4.91457992043061e-003,1.7552071144395e-003,2.69131757547391e-003,0.39304937982682,0.130604288499025,0.363222871994802,0.252111760883691,0.132553606237817,7.86224821312541e-002,3.31384015594542e-002,9.74658869395711e-003,1784.92636204626
S0032,0.158529752343954,0.130887901086997,0.105375219453887,8.05722610287251e-002,0.157110305928056,0.152291658884614,0.151171043293116,6.40618579806507e-002,0.129058140970251,0.261757807678064,0.259597580545612,0.126218985310456,0.168189112455252,4.43155166028885e-002,1.09245772126898e-002,6.29551907171954e-003,0.185698070374574,0.265039727582293,0.187741203178207,0.182973893303065,0.178774120317821,0.125539160045403,0.184790011350738,0.204880817253121,0.170488081725312,0.203405221339387,7.83200908059024e-002,3.26901248581158e-002,8.53471781272177e-002,7.39551040227094e-002,0.389758338624734,2.9544690546446e-002,3.06278713629403e-003,2.57722332200351e-003,1.71814888133567e-003,0.41403652933926,9.29243170622481e-002,0.120689655172414,0.173309449171518,0.262203313927452,0.185624720107479,0.147111509180475,1.81370353784147e-002,4134.74964174563
S0033,0.105939583208216,0.135337216983965,8.54002762596841e-002,4.71443156567173e-002,0.10434808720197,0.161341661161492,0.207615158248754,0.15284367305267,7.5458234848147e-002,0.141283503545467,0.154974802657985,8.4957409802435e-002,0.276947776836284,0.123177094947152,3.60344289345761e-002,1.20412076885341e-002,0.195526996578486,0.314695819077026,0.192272385879997,0.182258199115413,0.115163147792706,0.121171659851456,0.154886088625553,0.181423683551698,0.137361261787532,0.221313527497288,0.12409246432446,5.96678628056413e-002,0.11455768422317,2.3391988469161e-002,0.195363641823314,3.28208516005045e-002,2.19206053690469e-003,2.85268152062939e-003,3.6634436370188e-003,0.625157648189298,5.41941564561734e-002,5.99670122525919e-002,3.32233741753063e-002,9.59000942507069e-002,0.138312912346843,0.296536286522149,0.32186616399623,4736.2695668147
S0034,0.102799148796857,0.107709936159764,7.40710427238501e-002,4.73072515960059e-002,9.78883614339499e-002,0.142085447700115,0.247831068914716,0.180307742674742,0.122283230382064,0.189315946007779,0.136810798444292,5.67375886524823e-002,0.191718142301533,0.107412491420728,3.44314802104781e-002,1.91031800503317e-002,0.291598360655738,0.337704918032787,0.148565573770492,0.123770491803279,9.83606557377049e-002,0.217622950819672,0.226844262295082,0.180327868852459,0.120491803278689,0.146106557377049,7.58196721311475e-002,3.34016393442623e-002,1.69422164020298e-002,5.15632673105255e-003,0.22434113602881,1.76788345064659e-002,5.89294483548862e-003,2.29170076935669e-003,2.45539368145359e-004,0.727451301358651,0.15741935483871,0.104193548387097,6.70967741935484e-002,0.155483870967742,0.124516129032258,0.21258064516129,0.178709677419355,1664.74462724199
S0035,0.128795262013644,0.119824074768224,0.100532273783642,7.33688182522428e-002,0.135242521928181,0.141015068595847,0.177349626408776,0.123872354249444,0.154430962985716,0.230225771770849,0.207802180924589,8.99631393027185e-002,0.152779910919982,5.48686837659346e-002,1.17877438181539e-002,9.56074335739518e-003,0.225086273681245,0.29882386083527,0.183322769209099,0.154377068807663,0.138390027466723,0.222550883865061,0.25804634129164,0.183886189168251,0.122755123600254,0.14853158673146,5.03556588492147e-002,1.38742164941193e-002,6.08991178749032e-002,7.12447209935777e-002,0.41474873178899,2.15158557613014e-002,2.72384236699403e-003,2.17407601769248e-003,1.94917160206912e-003,0.424744483594472,8.35229554276536e-002,0.13291393387766,0.221924775799759,0.190871369294606,0.244010172667648,0.103199036273591,2.35577566590818e-002,5280.44064380543
S0036,0.152045366421093,0.123206669251648,8.55467235362544e-002,6.20880186118651e-002,0.141236913532377,0.137650252035673,0.178848390849166,0.119377665761923,0.177295821642527,0.238189125654053,0.220975202851293,7.57564267839539e-002,0.125881550011375,6.66565556987943e-002,9.17570334420262e-003,4.8532645787518e-003,0.23469387755102,0.282312925170068,0.16312358276644,0.166950113378685,0.152777777777778,0.27891156462585,0.249149659863946,0.15547052154195,0.115646258503401,0.128968253968254,5.34297052154195e-002,1.84240362811791e-002,3.73709466337066e-002,1.77887644806359e-002,0.292084726867336,2.34598419853618e-002,4.75013329455674e-003,1.79341767243469e-003,1.55106393291648e-003,0.621201105133052,0.276707163803938,0.207163803937997,0.210724759111856,0.209467951403435,6.6401340594889e-002,2.61834939254294e-002,3.35148722245496e-003,2842.33924694994
S0037,0.199712400609034,0.138386059888344,3.73879208255794e-002,4.02639147352394e-002,0.167991879546608,0.235916088648283,0.141684994078836,3.89105058365759e-002,1.78764897074756e-002,4.97020585048754e-002,0.268959913326111,6.87973997833153e-002,0.349404117009751,0.206392199349946,7.19122426868906e-002,0.131500541711809,0.153225806451613,0.24773185483871,0.211189516129032,0.261088709677419,0.126764112903226,5.3679435483871e-002,7.9133064516129e-002,7.20766129032258e-002,0.12726814516129,0.278225806451613,0.238659274193548,0.151461693548387,0.298680426323803,8.62798172897987e-003,7.1561495516833e-002,3.83183894434106e-002,1.0996447301641e-003,3.2989341904923e-003,7.61292505498224e-004,0.577651835560819,1.97979797979798e-002,3.55555555555556e-002,0,0,1.29292929292929e-002,0.122424242424242,0.809292929292929,3188.41491374377
S0038,0.126960200978448,0.119238397461325,8.43316144387148e-002,5.97117545947375e-002,0.134523337300013,0.164246991934418,0.20119000396668,0.109797699325664,7.65158996642307e-002,0.222832312857989,0.200948054513134,0.118467311870433,0.218052538020936,5.20639936796366e-002,1.71834880505629e-002,7.38692474817302e-003,0.197293991744382,0.292004280691026,0.196147378076747,0.182464454976303,0.132166335422718,0.121617489680477,0.178489527595169,0.166794068185293,0.150588595016053,0.233526983641645,0.112903225806452,3.60801100749121e-002,0.102316602316602,1.3222615962342e-002,0.220976357962659,2.88517480298302e-002,2.72385888824245e-003,1.50737821970699e-003,1.00491881313799e-003,0.629396519807479,4.01383357786628e-002,4.6111926220918e-002,0.10930622511004,0.205407671347726,0.212848459442465,0.303290714734856,8.28966673653322e-002,4422.12992191967
S0039,0.141565181645342,0.110186184334481,9.83162907010602e-002,7.18017231043283e-002,0.146909203021427,0.146600894095884,0.177705839028484,0.106897555795351,0.265674001844775,0.243694821452102,0.226037686124654,7.57148504414284e-002,0.127974700224008,4.20608775859797e-002,1.11213598629595e-002,5.19172486493609e-003,0.296770037728904,0.279976074353547,0.161130026686298,0.13255728351891,0.129612588570903,0.292352995306892,0.232952976902549,0.182847151927855,0.112082451458544,0.118247906505935,4.01674795251679e-002,2.14870709487439e-002,4.04384687847906e-002,6.53078701721333e-002,0.547846193371585,2.48865290742485e-002,3.30564357283549e-003,2.63766378350604e-003,3.88798492763552e-003,0.311689646313265,3.06280875088215e-002,3.76852505292872e-002,0.157515878616796,0.179534227240649,0.206633733239238,0.282709950599859,0.105292872265349,11258.5010708711
S0040,0.150104283651532,0.124995989090326,0.104107171506498,7.28862506016364e-002,0.141087758703674,0.141280282368041,0.170399486603562,9.51548211134285e-002,0.218607055175087,0.211681095748805,0.22726450445794,9.09419821682388e-002,0.167644398501098,4.60007752939656e-002,6.20235172502907e-003,6.22819485721669e-003,0.239036593740803,0.250122633179633,0.164475620523889,0.151967036201315,0.194398116354361,0.245315412538016,0.245707838712842,0.188413617188266,0.101932698911017,0.132983419994114,5.84715000490533e-002,2.71264593348376e-002,0.142371249799455,0.170447617519653,0.42947216428686,2.81886731910797e-002,2.71137493983635e-003,2.02149847585432e-003,1.74875661800096e-002,0.207299855607252,5.67383110930019e-002,5.33767953549964e-002,0.160232250178262,0.241927269023123,0.201894672506876,0.20484873179179,8.09819700519507e-002,9720.43798064107
S0041,0.137484780644908,0.131573779505911,0.106456934134559,6.75935744864695e-002,0.136404697380307,0.135815561054161,0.169828364950316,0.114861945720906,0.252130436149807,0.227319895600767,0.218420804377221,6.74507090971982e-002,0.172227288450049,6.07213609634917e-002,1.51567560768529e-002,1.36159240275463e-002,0.129874881100461,0.2165800834126,0.171215336211312,0.187385673520158,0.294870856808371,0.179117582497988,0.204360869247092,0.232604082827248,0.131704104777932,0.175678641984342,5.34865003292603e-002,2.30482183361381e-002,0.24810981716777,4.32238172855993e-002,0.586378900650027,1.38646138135543e-002,2.19948547750437e-003,1.45323147620824e-003,3.16176037391253e-003,0.101608373755425,3.45056403450564e-002,2.97500552975006e-002,0.167330236673302,0.272506082725061,0.21300597213006,0.228268082282681,5.46339305463393e-002,6798.08101530284
S0042,0.126417214258963,0.117939464097239,9.6387593204181e-002,6.13530353069354e-002,0.120424908923768,0.15120356814545,0.204419325184706,0.121888938068162,0.135044412311506,0.297252633753357,0.182658541623631,9.78103697583144e-002,0.105969840941954,4.1830200371824e-002,7.84961784755216e-003,5.11258004544516e-003,0.193516209476309,0.311022443890274,0.185935162094763,0.159700748129676,0.149825436408978,0.202693266832918,0.214463840399002,0.215162094763092,0.141047381546135,0.149326683291771,5.84538653366584e-002,1.87531172069825e-002,2.64224181960571e-002,3.21767850454561e-002,0.221798495011747,3.27896761891791e-002,5.92461438932207e-003,8.51237699615241e-004,2.92825768667643e-003,0.677108515781947,0.193459657701712,6.55562347188264e-002,0.106968215158924,0.270629584352078,0.219743276283619,0.127139364303178,1.65036674816626e-002,4005.29800625763
S0043,0.119961051606621,0.125052163026847,8.17916260954236e-002,5.47224926971762e-002,0.114508276533593,0.168563082487133,0.208930310196133,0.126415356795104,8.80238036201339e-002,0.183403587073312,0.170096702206794,8.44697908918092e-002,0.277006364162327,0.113232498553599,2.89693363087858e-002,1.71088519712373e-002,0.203238414293691,0.311717316742442,0.179628300231315,0.175640105288347,0.129696099545346,0.117970806413017,0.170216160165909,0.144771476429768,0.128738932759033,0.225731833772035,0.14828108797958,6.39706468852198e-002,7.01607967506816e-002,1.07939687308741e-002,0.223001168419296,2.39525955600067e-002,1.91954598564513e-003,2.05864352083681e-003,1.33533633784009e-003,0.66677794469482,2.90743009914225e-002,1.9382867327615e-002,8.66659240280717e-002,9.60231703241617e-002,9.24585050685084e-002,0.37295310237273,0.30344212988749,3324.16250548756
S0044,0.106057042046457,9.42957953543076e-002,9.32078800352837e-002,7.3860629226698e-002,0.131020288150544,0.155983534254631,0.226992061158483,0.118641576007057,0.184875348566196,0.210388313147709,0.185458026386981,0.100595163774087,0.151163274649353,6.46356182627877e-002,1.44004661422566e-002,1.21529945478004e-002,0.24240682974881,0.282630109998358,0.183549499261205,0.162534887538992,0.128796585125595,0.199228369725825,0.229683139057626,0.239041208340174,0.116237071088491,0.139714332621901,5.3111147594812e-002,2.30668198982105e-002,8.99467787938487e-002,1.53194742568144e-002,0.286541797759417,3.02272927754418e-002,2.4699344291217e-003,2.55814637301891e-003,5.88079625981358e-004,0.572348495986357,3.42097400657305e-002,4.2426053181954e-002,0.167612787570959,0.259635494472662,0.253958769046908,0.195996414699731,4.61607409620556e-002,7187.48260463132
S0045,0.115581937672249,0.132393470426118,0.104176383294467,5.87237651049396e-002,0.121390714437142,0.15997456010176,0.212889548441806,9.48696205215179e-002,5.96878170097189e-002,0.238456755783893,0.187375241336431,0.114107137013646,0.19542524297261,6.2829281062862e-002,2.91239896593475e-002,1.03733760921496e-002,0.179935804644723,0.276606457297501,0.198627981622506,0.195481150481465,0.149348605953805,0.115551639499024,0.173075712757253,0.196110516709673,0.15438353577947,0.225879539303921,9.85587513374032e-002,3.64403046132545e-002,8.47766636280766e-002,7.36045451654618e-002,0.309893790676475,3.00396430009964e-002,2.35314070085434e-003,1.71715672765046e-003,1.73835619342393e-003,0.495876703907062,7.84075104311544e-002,6.35431154381085e-002,0.168115438108484,0.299026425591099,0.204450625869263,0.144558414464534,4.18984700973574e-002,4961.78877961001
S0046,0.112411358794162,8.86889051419849e-002,0.155054536203771,9.36655324832257e-002,0.148249435558241,0.14134893630553,0.165707380672242,9.49057143765701e-002,0.125818002222497,0.156315594517842,0.230250648228176,8.27015680948265e-002,0.22634893196691,9.71724904309174e-002,2.29164094332634e-002,1.78540560563032e-002,0.290429312528083,0.326865732608962,0.164086434377681,0.12091009354193,9.77492749479188e-002,0.192230709529839,0.238919978759038,0.189167109186716,0.130958702667375,0.143253952044443,7.03402638781096e-002,3.50884359299048e-002,0.132210774025313,9.34300069961203e-002,0.277364370667175,3.80652547223812e-002,2.92565032118552e-003,3.51396044011957e-003,3.99096864466069e-003,0.448499014183044,1.91912268677176e-002,2.8297268187604e-002,9.56623910702046e-002,0.147752863996867,0.259473220405366,0.344169196122589,0.105453833349652,8112.43562840368
S0047,0.130125630917732,0.138120325682496,0.10341524518292,6.63522823564087e-002,0.133441402939985,0.168735954021295,0.183288509007847,7.65206498913164e-002,0.105534709193246,0.171962945590994,0.212359287054409,9.8733583489681e-002,0.255452626641651,7.72162288930582e-002,1.64165103189493e-002,1.9172138836773e-002,0.148647051872858,0.247666312182441,0.19579345385797,0.216944345976604,0.190948836110126,0.10693607467801,0.162471936665485,0.176414982866596,0.176060498641144,0.238686045137658,0.111308046791918,2.80042538107054e-002,0.196043032937882,3.41168668484268e-002,0.378785645862501,2.28428266155773e-002,2.54218554270135e-003,2.02637978041412e-003,1.17898459951367e-003,0.362464077812984,3.36093521675597e-002,7.11154408183147e-002,0.134112680629972,0.260107160253288,0.236077285273583,0.237051469394382,2.79266114628998e-002,3218.50829402199
S0048,0.140047559099175,0.123345922506644,0.115624562875927,7.01077073716604e-002,0.13073157084907,0.150846272205903,0.170205623164079,9.90348300461603e-002,0.140746080374842,0.20481167777978,0.210533429446747,9.8576320057668e-002,0.17741935483871,7.47431969724275e-002,9.91169580104523e-003,7.97440980356821e-003,0.178632043448744,0.306602172437203,0.183723693143245,0.168957909029192,0.161999321113374,0.120502376103191,0.180838424983028,0.205872369314325,0.18397827562797,0.205872369314325,7.84114052953157e-002,2.45247793618466e-002,8.66998657117278e-002,5.46105640107431e-002,0.324054386750224,3.95311101163832e-002,2.93755595344673e-003,1.95837063563116e-003,1.2113921217547e-002,0.478094225604297,1.73557937723328e-002,4.91322103113834e-002,0.170750382848392,0.34788157223073,0.256380806533946,0.138335885655947,2.0163348647269e-002,4563.39153166096
S0049,0.140967292735115,0.116462317019325,9.38253574703665e-002,7.71151037598071e-002,0.148014808273613,0.14855823115851,0.16346839656285,0.111605474985565,0.178262918171823,0.171875818019999,0.228155593947961,7.33469451861159e-002,0.243285691848594,7.56766661431339e-002,2.64907596460918e-002,1.57845138997958e-002,0.209970943569353,0.292348473262986,0.167099964316664,0.159708416169649,0.170872202681348,0.141255033899169,0.202324514451751,0.208594586328185,0.128205128205128,0.174083702910741,9.96584594994138e-002,4.59805270938472e-002,0.130230267626681,1.73210161662818e-002,0.413751528324956,2.16682515962505e-002,2.34343159896753e-003,2.27550604537427e-003,3.49816601005298e-003,0.408911832631436,2.80569097602229e-002,4.98457864889066e-002,0.143866281961994,0.104367724604517,0.12476370510397,0.345239279673664,0.203860312406726,6527.07244848613
S0050,0.105308255858789,0.131785270553961,5.5267554946232e-002,2.50631935221284e-002,7.41613469859903e-002,0.173385887494109,0.216700227068249,0.218371106636391,1.96755055091415e-002,6.76231989344957e-002,0.104794769342535,6.48988981716915e-002,0.349073737740647,0.231989344957017,8.29398232231505e-002,5.33357549340114e-002,0.189856220989471,0.34857919166761,0.184195630023774,0.190195856447413,8.7173100871731e-002,8.78523717876146e-002,0.111174006566286,0.124419789426016,0.131212498584852,0.230612475942488,0.191441186459866,0.123400883052191,0.349685103466004,0.01855104751296,6.50786170258344e-002,3.8772974594062e-002,1.28529197549377e-003,1.75656569984148e-003,1.02823358039501e-003,0.523842166145409,1.9171666910581e-002,3.11722523049905e-002,1.60983462607932e-002,3.32211327381823e-002,3.87823796282745e-002,0.128347724279233,0.733206497877945,4077.5572073137
S0051,0.110761714911419,0.130331021703119,0.08670017126653,4.69157986354831e-002,0.100991099755735,0.17547800207766,0.225594519471039,0.123255748659348,4.50653635718164e-002,0.154784279330076,0.15023180052625,8.67894582967882e-002,0.313202188531095,0.121329825001044,3.30367957231759e-002,2.27623940191288e-002,0.1581846583902,0.314478335936858,0.192386746690784,0.208336759023267,0.126531283400477,7.47348515991121e-002,0.111650086327386,0.132533092164762,0.133026391515251,0.277891967442243,0.196990873962016,7.31727369892296e-002,9.32929054717988e-002,1.12018866335383e-002,0.151379881523906,3.59358769196216e-002,1.31952048064235e-003,2.13369269210253e-003,1.68449423060726e-003,0.703051742047784,1.36957437842394e-002,1.2220817530552e-002,6.22629582806574e-002,5.48883270122208e-002,0.13527180783818,0.375052675937632,0.346607669616519,4007.30771561393
S0052,0.106195906031048,0.154073361725512,7.47355405962357e-002,3.70243165269955e-002,8.00247286715208e-002,0.159774694326144,0.239936804506113,0.148234647616431,8.66735537190083e-002,9.74173553719008e-002,0.120351239669421,5.79545454545455e-002,0.274173553719008,0.173140495867769,0.102066115702479,4.83471074380165e-002,0.161821508436674,0.300467574710307,0.186420004065867,0.207562512705835,0.143728400081317,9.81906891644643e-002,0.127464931896727,0.103476316324456,0.110998170359829,0.194348444805855,0.194145151453547,0.171173002642814,0.224718329211322,7.7425116790327e-002,0.139461390491893,2.70678757900522e-002,4.8090134652377e-004,2.1297059631767e-003,2.74800769442154e-004,0.528441879637263,2.1637570690927e-002,5.13892303909516e-002,3.78657487091222e-002,7.2289156626506e-002,4.74551266289648e-002,0.14211949840177,0.627243668551758,2615.52061373941
S0053,0.156436033904987,0.133136211314804,0.11665681056574,0.07210723437808,0.114803863591563,0.124778237729154,0.168657599053814,0.113384585058151,0.32906181528451,0.226678175419959,0.193347055308412,8.63820463448642e-002,9.26233317840781e-002,0.04156430515902,7.56921851138703e-003,2.65586614434633e-003,0.21854710278084,0.239127771652579,0.180693372534607,0.164155335048389,0.197598921964964,0.402303074849933,0.241577851280167,0.158642655886316,8.67328188166115e-002,8.17101555800564e-002,1.91106210951856e-002,9.80031851035159e-003,1.54931798470393e-002,1.91595048490105e-002,0.817787589686983,6.38650161633683e-003,3.03555941023417e-003,1.45864543089174e-003,3.15382795868485e-004,0.136363636363636,0.209591474245115,0.510657193605684,0.21255180580225,3.58200118413262e-002,7.10479573712256e-003,4.73653049141504e-003,1.9538188277087e-002,4045.79967563996
S0054,0.124161799697166,0.120873891412503,8.83841661258923e-002,6.25567813108371e-002,0.132359939433268,0.16145360155743,0.201384382435648,0.108803807051698,7.4831256490135e-002,0.241303219106957,0.198565680166147,0.11046209761163,0.21047507788162,5.51985981308411e-002,1.32074247144341e-002,7.78816199376947e-003,0.170722311396469,0.297335473515249,0.195056179775281,0.186067415730337,0.150754414125201,0.111332263242376,0.163788121990369,0.160898876404494,0.167126805778491,0.242054574638844,0.118266452648475,3.64686998394864e-002,9.02247506976141e-002,1.28274459754699e-002,0.230872396114993,2.67148326807848e-002,2.5957732159467e-003,1.99009279889247e-003,8.652577386489e-004,0.63390945077765,2.11285975132597e-002,1.72158942700635e-002,9.7904530040866e-002,0.211025128249717,0.196243804886532,0.378227980175637,7.82540648639249e-002,4747.19940658146
S0055,0.157188964881273,0.120302774148928,0.113790056097748,8.33781603012372e-002,0.140244371013602,0.127776070083762,0.142876354414816,0.11448167217398,0.306981001073029,0.224263081487092,0.230385659281702,0.107208230764375,0.111500347156473,3.21593132613773e-002,6.34349555008521e-003,1.51486460897557e-003,0.243949778613453,0.255837932916844,0.147024928731728,0.136289197549585,0.216898162188391,0.245526778674107,0.289622126523928,0.203433007824346,0.110814581185176,0.103960696306181,3.48759628798447e-002,1.17061927579305e-002,5.67125182509798e-002,2.17666948436179e-002,0.525090294321064,1.84623069238454e-002,4.4762929378314e-003,1.0182125566741e-003,2.24775224775225e-003,0.370225927918236,4.37127448197559e-002,0.126312801589554,0.24382628441669,0.298751064433721,0.184217996026114,9.62248084019302e-002,6.95430031223389e-003,5478.99223591741
S0056,0.126571126512393,0.106484200634324,8.68084106660402e-002,5.82050980852813e-002,0.11153529895454,0.13543991542347,0.190355926230471,0.184541289792083,0.15804473616029,0.207012695396839,0.164003799982727,9.25813973572847e-002,0.186199153640211,5.82088263235167e-002,2.8240780723724e-002,1.5199930909405e-002,0.293355481727575,0.317275747508306,0.128571428571429,0.109800664451827,0.150996677740864,0.193687707641196,0.224584717607973,0.181727574750831,0.113621262458472,0.148671096345515,8.35548172757475e-002,5.43189368770764e-002,2.27913533834586e-002,4.17058270676692e-003,0.411360432330827,1.60949248120301e-002,5.11043233082707e-003,1.11607142857143e-003,7.63627819548872e-004,0.53859257518797,7.77891504605936e-002,0.189099283520983,7.29273285568065e-002,0.111821903787103,0.110798362333675,0.224155578300921,0.213408393039918,3227.22239500831
S0057,0.140576273388773,0.121101871101871,0.105022089397089,7.43568087318087e-002,0.143451143451143,0.144441917879418,0.173060680873181,9.80054573804574e-002,0.297589125416774,0.195639907668633,0.226519620415491,5.18081559374199e-002,0.128135419338292,4.18312387791741e-002,7.69428058476532e-003,2.33393177737882e-003,0.289588600321765,0.243254424270283,0.167869455297633,0.132153527924615,0.167133992185704,0.313858883015399,0.274005975637784,0.191863939324293,9.16570903240634e-002,8.00735463111928e-002,3.21305447023673e-002,1.65479200183866e-002,1.60148128898129e-002,0.447440228690229,0.48327053014553,1.52676715176715e-002,2.14397089397089e-003,3.19971413721414e-003,1.7379158004158e-003,3.09251559251559e-002,2.19106047326906e-002,4.17762196903301e-002,0.256208004674262,0.285714285714286,0.191352614665498,0.175284837861525,2.77534326614081e-002,10605.8215876662
S0058,0.1304779172796,0.120830625021381,9.89189559029797e-002,6.90191919537477e-002,0.138876535185249,0.159813212000958,0.183435393931101,9.86281687249838e-002,0.105272856503541,0.243162134414405,0.213731013241372,0.102377129017822,0.193750493589912,5.30181377839787e-002,1.10827388317056e-002,6.39692526390607e-003,0.149854323566599,0.276785223462152,0.195646198669672,0.193832114782035,0.183937111758562,0.111043922818976,0.154526963883239,0.182123027870925,0.18173822219779,0.239569017646089,0.100379308449233,3.05095926557089e-002,8.25992508082035e-002,1.25378444486256e-002,0.291876913603476,2.77611480765612e-002,3.07887039666114e-003,2.66835434377298e-003,1.28286266527547e-003,0.578194755657424,1.63554891710232e-002,2.2554144884242e-002,8.17027632561613e-002,0.23629574309186,0.203286034353996,0.383345780433159,5.64600448095594e-002,5168.29979005432
S0059,0.145480096137429,0.115417449206078,0.114813306891162,8.1454144284945e-002,0.133384116310529,0.136417961413693,0.170171129877464,0.102835528821528,0.206025287694865,0.307638903498622,0.213662087391917,7.56947804683062e-002,8.40047966675783e-002,2.54139229587865e-002,5.57507415900532e-003,3.80788084067911e-003,0.240601219096657,0.278650664445538,0.177488358005528,0.146632340135539,0.156551698027486,0.293681141861962,0.278272062999281,0.190966569492295,0.106500586832242,9.36281376594859e-002,2.80165070230568e-002,8.89713398705183e-003,3.02202492743725e-002,6.30803377943552e-002,0.287414139556875,4.54288753759473e-002,4.87253910508136e-003,2.37716867390762e-003,4.43913266177224e-003,0.562167557557689,0.215977175463623,9.32952924393723e-002,0.144650499286733,0.285592011412268,0.161388492629577,8.75891583452211e-002,1.15073704232049e-002,7055.294865336
S0060,0.16036149642707,0.123851558277788,0.108629075842191,8.25977301387137e-002,0.14291719209752,0.137062391160752,0.154476670870113,9.01038851858524e-002,0.260063297398873,0.224359608347344,0.235387202057165,0.112105627534369,0.147463158935812,3.23410147364257e-002,1.03352784096529e-002,4.30224507961626e-003,0.200626959247649,0.261755485893417,0.160266457680251,0.150274294670846,0.227076802507837,0.219729623824451,0.282621473354232,0.178095611285266,0.104721786833856,0.141359717868339,5.50548589341693e-002,1.82210031347962e-002,4.30265725866987e-002,2.02972526647651e-002,0.526827803633088,1.81954661462243e-002,4.77405794925687e-003,1.47125056297853e-003,2.19186308362108e-003,0.383215733373367,4.59624710099093e-002,3.20472274931478e-002,0.212523719165085,0.371705671515918,0.13999578325954,0.145899219903015,5.18659076533839e-002,3908.96451666401
S0061,0.140052356020942,0.108965968586387,9.42408376963351e-002,6.55541012216405e-002,0.118673647469459,0.116819371727749,0.18575479930192,0.169829842931937,0.151661129568106,0.318936877076412,0.180730897009967,6.04651162790698e-002,7.29235880398671e-002,3.65448504983389e-002,2.3421926910299e-002,2.82392026578073e-003,0.305061559507524,0.329958960328317,0.145280437756498,0.109439124487004,0.110533515731874,0.328864569083447,0.308071135430917,0.167989056087551,0.104514363885089,0.06703146374829,1.66894664842681e-002,7.66073871409029e-003,2.18173884586015e-002,3.28351696301953e-002,0.196356496127414,2.54172575542708e-002,8.83604232573361e-003,1.19995636522308e-003,2.29082578815316e-003,0.711246863750409,0.220412074748443,0.407762338284619,0.290368950646862,0.04504072831816,9.5831336847149e-003,1.86871106851941e-002,8.14566363200767e-003,1224.38207864184
S0062,0.181192660550459,0.11381880733945,6.0493119266055e-002,5.10321100917431e-002,0.181479357798165,0.14420871559633,0.162844036697248,0.104357798165138,0.107699154428126,0.214508233199822,0.281708945260347,9.96884735202492e-002,0.193146417445483,7.16510903426791e-002,8.01068090787717e-003,7.56564307966177e-003,0.151885830784913,0.292558613659531,0.153924566768603,0.212028542303772,0.18960244648318,9.98980632008155e-002,0.106014271151886,0.205912334352701,0.176350662589195,0.251783893985729,0.121304791029562,4.07747196738022e-002,0.151046145027228,5.6749785038693e-002,0.268271711092003,2.92347377472055e-002,3.72599598738894e-003,1.71969045571797e-003,6.30553167096589e-003,0.482946402980797,0.149411764705882,9.17647058823529e-002,0.270588235294118,0.222352941176471,0.150588235294118,9.29411764705882e-002,2.23529411764706e-002,992.056558141394
S0063,8.76515511067006e-002,7.32299262199594e-002,9.86322647452216e-002,0.111058376839108,0.190544505328558,0.151885489925357,0.169273417612288,0.117724468222807,0.217308336610876,0.180920333872307,0.257323486139638,6.99209019796355e-002,0.249268015557401,6.58421826974901e-002,2.6322306224417e-002,7.96806945476263e-003,0.389477150673827,0.291113588002837,0.133726821359814,0.100542101530044,8.51656702806769e-002,0.365209241057858,0.24523761272672,0.152396392744959,8.13405613537339e-002,8.61029486270139e-002,4.34947816394771e-002,2.62691255446347e-002,0.146167038798822,3.19062874154613e-002,0.399195331629076,2.29966885631384e-002,1.8336946790495e-003,2.64267762568898e-003,7.334778716198e-004,0.394524803417144,0.01504,0.0392,0.06048,0.16032,0.1296,0.20608,0.38928,18897.8870581291
S0064,0.105599567879006,9.93158084263594e-002,0.180716600648181,8.06985956067699e-002,0.128592005761613,0.127997839395031,0.165682391069499,0.11139719121354,0.167751011077897,0.187298517085751,0.209307777973155,7.50249106148526e-002,0.226246996072915,7.68126135630971e-002,2.35038977785593e-002,1.60600199284919e-002,0.228750274544257,0.28673402152427,0.17307269931913,0.150779705688557,0.16060839007248,0.201570393147375,0.23215462332528,0.180979573907314,0.119481660443664,0.15297605974083,7.41818581155282e-002,3.86558313200088e-002,0.1731364782139,5.86424198775657e-002,0.377565718401152,2.84119553474973e-002,1.8905293482175e-003,3.58300324090745e-003,1.60244868563198e-003,0.355167446885128,2.69115269115269e-002,4.92030492030492e-002,8.63940863940864e-002,0.188265188265188,0.263109263109263,0.283783783783784,0.102333102333102,6538.19291300162
S0065,0.10950469200266,0.114159749759858,0.102460530528805,6.10822393537105e-002,0.114824758010886,0.139430063298934,0.194945937292185,0.163641289623408,0.112426900584795,0.218713450292398,0.170394736842105,7.63888888888889e-002,0.200511695906433,9.1593567251462e-002,1.59722222222222e-002,2.44883040935673e-002,0.248725368609618,0.306876119608654,0.165013090808874,0.145514675485738,0.133801846493041,0.193675072343944,0.195466446189886,0.1867162739424,0.137453493179,0.175899131872675,8.63304395755822e-002,2.44591428965137e-002,7.85429289197576e-002,5.86178020787153e-002,0.359612826954337,2.51711738338013e-002,3.22644204718979e-003,2.48756218905473e-003,1.84719964533767e-003,0.470494064331806,0.156471676775984,8.90305335663617e-002,0.139405777732086,0.160789554847332,0.201295363421404,0.210342346047085,4.26647476097461e-002,4948.74548581431
S0066,0.134610465281528,0.11727254640025,0.140010800670779,7.53773129068016e-002,0.128329022539295,0.12994912315607,0.162095330131029,0.11232697609641,0.169346545760494,0.186921566794428,0.211040478638871,9.13340188837992e-002,0.152706366270917,9.85322987753576e-002,1.91642516593437e-002,2.0613256053099e-002,0.271541311000161,0.289177001127396,0.162264454823643,0.134562731518763,0.142535029795458,0.259220486390723,0.277580930906748,0.188597197616363,0.115074891286842,9.7439201159607e-002,4.60621678209051e-002,1.59445965533902e-002,6.0885136863648e-002,5.99755549870669e-002,0.394047923595122,2.63778744208522e-002,3.5246297717518e-003,1.73389045223274e-003,3.58147863903812e-003,0.449873511270288,5.59578670177749e-002,0.252304147465438,0.315832784726794,0.266951942067149,6.13890717577354e-002,3.73601053324556e-002,1.02040816326531e-002,3386.01688142122
S0067,0.128691983122363,0.118024937182952,9.91561181434599e-002,7.27255487602522e-002,0.140022756364671,0.156710757123216,0.178471530839615,0.106220073010003,0.111070846167784,0.229208189889473,0.214060518209821,9.77713353868454e-002,0.198804131183185,6.05544482696141e-002,1.37343721688712e-002,6.88530530893278e-003,0.185040509259259,0.283637152777778,0.187789351851852,0.176070601851852,0.167534722222222,0.126374421296296,0.168330439814815,0.179253472222222,0.177300347222222,0.214916087962963,9.70052083333333e-002,3.69646990740741e-002,8.09292402512742e-002,1.33222709493896e-002,0.292378807633045,2.81379637311841e-002,3.46094583382719e-003,2.77349768875193e-003,1.28007585634704e-003,0.577717198056181,1.60433604336043e-002,2.04878048780488e-002,8.75880758807588e-002,0.22840108401084,0.187642276422764,0.359457994579946,0.100379403794038,4230.08674858952
S0068,0.100761321717291,0.100651440232321,9.13900007848678e-002,8.12338121026607e-002,0.155027077937368,0.160191507730947,0.178117887136018,0.132626952358528,0.161949790237731,0.186810503651417,0.219218219351402,8.82333355530399e-002,0.232825020532286,7.78895030077024e-002,1.24303567068434e-002,9.21178220239284e-003,0.298328602964365,0.292730999684642,0.168479974771366,0.147784610532955,9.26363923052665e-002,0.218148848943551,0.225520340586566,0.191185745821507,0.125197098707032,0.145853043204037,6.42147587511826e-002,2.98801639861242e-002,0.121876177320105,2.31382644731885e-002,0.274551048599774,3.03120683159613e-002,1.74243375612206e-003,2.59010423207334e-003,8.9476328017079e-004,0.544895140022605,1.85069661052194e-002,2.56810147639842e-002,5.4585152838428e-002,0.139114160948222,0.189644416718653,0.396548138906217,0.175920149719276,8173.43404094543
S0069,0.123393162137057,9.54364306475294e-002,7.67386809696461e-002,5.84304677433854e-002,0.131693284990861,0.150900428490097,0.206903784496449,0.156473796182543,0.140371772512655,0.210983027776596,0.186949678846399,8.89871963928708e-002,0.194563784082692,7.86932664086095e-002,2.28423157088775e-002,1.11446679994896e-002,0.285025230038587,0.334223805283467,0.162882160878599,0.129934698723657,8.78598990798456e-002,0.161323834965865,0.180543187889581,0.198946274859009,0.140842980112793,0.185811813594538,8.70436331255565e-002,4.5562481448501e-002,4.6501872659176e-002,4.24569288389513e-002,0.347505617977528,3.22397003745318e-002,3.2059925093633e-003,2.84644194756554e-003,2.7565543071161e-003,0.522486891385768,2.32005590496157e-002,3.04682040531097e-002,0.1319357092942,0.125366876310273,0.148427672955975,0.285674353598882,0.254926624737945,8009.70060843119
S0070,0.150104283651532,0.124995989090326,0.104107171506498,7.28862506016364e-002,0.141087758703674,0.141280282368041,0.170399486603562,9.51548211134285e-002,0.218607055175087,0.211681095748805,0.22726450445794,9.09419821682388e-002,0.167644398501098,4.60007752939656e-002,6.20235172502907e-003,6.22819485721669e-003,0.239036593740803,0.250122633179633,0.164475620523889,0.151967036201315,0.194398116354361,0.245315412538016,0.245707838712842,0.188413617188266,0.101932698911017,0.132983419994114,5.84715000490533e-002,2.71264593348376e-002,0.142371249799455,0.170447617519653,0.42947216428686,2.81886731910797e-002,2.71137493983635e-003,2.02149847585432e-003,1.74875661800096e-002,0.207299855607252,5.67383110930019e-002,5.33767953549964e-002,0.160232250178262,0.241927269023123,0.201894672506876,0.20484873179179,8.09819700519507e-002,9720.43798064107
S0071,0.1744573331802,0.126851958194556,0.112667968301367,7.76386815206156e-002,0.118525324451591,0.12352130469737,0.159526817503158,0.106753187090846,0.198530132288094,0.315727584517393,0.202253797158256,6.98677119059285e-002,3.65507104360608e-002,4.20382165605096e-002,8.42724154826066e-003,8.62322390984811e-003,0.270511390791779,0.27369762625458,0.170463597259838,0.126015612553768,0.159311773140035,0.361159789708459,0.242950454038553,0.176198821092879,0.107057511550104,9.44718814720408e-002,1.38601242631831e-002,3.98279432850088e-003,2.61269020958943e-002,0.147459086993971,0.446396784381281,3.7496411139822e-002,1.21734137238013e-002,8.61326442721792e-004,8.84295147861039e-003,0.320643123743899,0.434045439131909,0.417429637165141,0.125805357748389,1.11902339776195e-002,6.78195998643608e-004,6.78195998643608e-004,1.01729399796541e-002,2885.76508204056
S0072,0.165828011096058,0.131539900651571,0.113702341784401,7.39307141474744e-002,0.126185407393071,0.133120443842333,0.158441390878008,9.72840461905684e-002,0.281888383810723,0.260967194260365,0.214250506599485,0.100936524453694,7.84818445698012e-002,2.15783996933019e-002,4.65523851251438e-003,3.77895832192344e-003,0.249856678769348,0.257691572711638,0.155646856487674,0.145996560290464,0.190712784253774,0.298968087139308,0.265335371679725,0.182017962927575,0.113414867188993,0.106535448117715,2.34091343397669e-002,1.01280336327155e-002,3.27720792206954e-002,0.04312624991936,0.549254886781498,2.61918585897684e-002,6.80601251532159e-003,1.93535900909619e-003,2.29017482743049e-003,0.33762337913683,0.133700440528634,0.117621145374449,0.362114537444934,0.24647577092511,9.2511013215859e-002,4.29515418502203e-002,4.62555066079295e-003,7058.24966718772
S0073,0.107920020773825,0.105634900025967,0.101584004154765,6.89171643728902e-002,0.109633861334718,0.141573617242275,0.189924694884446,0.174759802648663,0.115273775216138,0.150993477931139,0.160094039132413,8.07674806613074e-002,0.210602153799484,0.127862884877901,2.41923251933869e-002,4.26209616259669e-002,0.255621465029659,0.323492895571803,0.151055317974893,0.144295764933094,0.12553455649055,0.133673610153125,0.186784384052973,0.201958890881501,0.152296868533591,0.199613739826183,8.35977376189819e-002,4.2074768933646e-002,7.27046115496469e-002,1.09576235978396e-002,0.323691316992106,2.00976319069381e-002,3.06398005816369e-003,1.86954715413378e-003,1.0905691732447e-003,0.566524719567927,3.20777642770352e-002,1.40947752126367e-002,2.1142162818955e-002,2.57594167679222e-002,6.07533414337789e-002,0.350911300121507,0.495261239368165,2986.62001666953
S0074,0.133305402973032,0.13085373801322,0.107811190764361,6.69397635229494e-002,0.133631257176551,0.142708624274586,0.173695807342581,0.11102318219905,0.276653571516814,0.257505003335557,0.212783831196106,7.23939416401058e-002,0.118301089615299,3.50851184740444e-002,1.13903095891088e-002,2.61902997059768e-003,0.136342986939239,0.209823963657013,0.174900624645088,0.193696763202726,0.285235661555934,0.143952299829642,0.20931289040318,0.214707552526973,0.160874503123225,0.194378194207836,5.78648495173197e-002,1.9023282226008e-002,0.163638338479681,3.03505205828045e-002,0.642900367744038,1.32201654072339e-002,1.83096187564976e-003,1.55166260648285e-003,1.45856285009388e-003,0.145049420454016,1.22629169391759e-002,4.32472204054938e-002,8.31425768476128e-002,0.282619359058208,0.314748201438849,0.256540222367561,7.43950294310007e-003,7231.86121227643
S0075,0.13729642456009,0.124730906027705,0.110831617371771,7.29595657057282e-002,0.127644140771247,0.135927555222763,0.161163889928866,0.129469299887683,0.261454369076935,0.258152376688307,0.203529587344228,8.3669129169465e-002,0.111353630326095,3.67509887321842e-002,1.15476456980822e-002,1.99611969256026e-003,0.222091237094988,0.254099239095488,0.174222126960312,0.159075483156503,0.190511913692709,0.290251134212124,0.30411174222127,0.167434715821813,0.106705247740507,8.87721930482621e-002,3.10434751545029e-002,1.17172150180402e-002,4.53130849868963e-002,3.18466866342194e-002,0.704733713964807,1.76549045301385e-002,3.21742792961438e-003,1.56776488206664e-003,4.53949831523774e-003,0.19112691875702,0.109112813010929,0.123053093537561,0.215041734790466,0.266844505636348,0.200585147577661,8.39858876172446e-002,1.3768178297909e-003,8536.32320456618
S0076,0.11479615420172,9.66996394564112e-002,9.40417860774706e-002,7.58990477951373e-002,0.156998243505593,0.145118794490154,0.185679948229639,0.130789498012388,0.211561501597444,0.173921725239617,0.226071618743344,6.25998402555911e-002,0.206436368477103,9.16533546325879e-002,3.13498402555911e-002,1.88032481363152e-002,0.2667046317388,0.294798785117692,0.162870159453303,0.133194128068843,0.142432295621362,0.212730954188813,0.219248291571754,0.168248544672235,0.119273601619843,0.157681599595039,7.7575297393065e-002,4.52417109592508e-002,0.162313950263474,3.16400110936489e-002,0.488421003975224,2.19330683183877e-002,3.21253582324119e-003,2.31117685125266e-003,7.16464823888324e-004,0.289451788850883,2.15290519877676e-002,4.41590214067278e-002,9.25993883792049e-002,0.173088685015291,0.161467889908257,0.329663608562691,0.177492354740061,6382.10815100749
S0077,0.105212121212121,0.100606060606061,9.55636363636364e-002,6.97212121212121e-002,0.117818181818182,0.140509090909091,0.197672727272727,0.17289696969697,0.115197779319917,0.183483691880638,0.168632893823734,7.12699514226232e-002,0.21970853573907,9.75711311589174e-002,2.83136710617627e-002,2.96321998612075e-002,0.261639608211458,0.31208909164095,0.161143163826647,0.13739433785053,0.127733798470415,0.147189051388703,0.173084663893734,0.185697034751107,0.148396618811217,0.202468804508252,9.35193881658393e-002,4.93760901650342e-002,5.91030303030303e-002,1.27030303030303e-002,0.341915151515152,2.11393939393939e-002,3.49090909090909e-003,2.08484848484849e-003,8.24242424242424e-004,0.558739393939394,2.42999305716269e-002,3.1937051608424e-002,5.18398518861375e-002,2.84656329553344e-002,5.90141171025226e-002,0.308956260124971,0.495487155750984,3522.76158570638
S0078,0.106613147975917,9.09001909050859e-002,8.75226393851877e-002,7.06838318077243e-002,0.122326105046747,0.132654559694552,0.207254393264477,0.182094081942337,0.115081810091052,0.149654275347436,0.17108235777367,6.12035325528856e-002,0.221332237968097,0.113370301910043,3.72424180187581e-002,3.30663380570959e-002,0.337339650988097,0.3243961631804,0.14642320582457,0.117300358257252,7.45406217496822e-002,0.195770253091413,0.205015601525482,0.191263145729805,0.118109326245233,0.160869062752802,7.98566970992719e-002,4.91159135559921e-002,4.41997063142438e-002,1.48311306901615e-002,0.261918746940773,2.23690651003426e-002,2.79001468428781e-003,2.34948604992658e-003,1.22369065100343e-003,0.650318159569261,6.35191044049647e-002,6.0111949379411e-002,7.44706741299586e-002,2.48235580433195e-002,1.67924069116573e-002,0.261377464103188,0.498904843027501,3743.9052128922
S0079,0.132889045811634,0.160208314943949,0.102392091093653,4.5370288639774e-002,0.113734663253597,0.175655397652043,0.19282372671904,7.69706064083326e-002,0.117754416703168,0.153526062198861,0.188129653964082,0.118119433493941,0.203168345743904,7.22733245729304e-002,1.08044970068623e-002,4.01518469849613e-003,0.116360968451944,0.262949376375642,0.187087307410125,0.212472487160675,0.221129860601614,6.69112252384446e-002,0.137931034482759,0.214380044020543,0.194717534849596,0.240792369772561,0.107410124724872,3.75641966250917e-002,7.90785931777062e-002,0.114205021843696,0.321786328935175,2.82423547063236e-002,4.10396716826265e-003,3.00075018754689e-003,2.64772075371784e-003,0.446935263227572,9.60110516318425e-002,0.363667760317734,0.319979278190295,0.186668969089967,2.24486271801071e-002,1.0878950094975e-002,3.4536349507857e-004,2965.01437871142
S0080,0.145510835913313,0.126024403569477,0.128164268803497,8.81897650701147e-002,0.129848843562193,0.141413221635403,0.163904571116372,7.6898561282098e-002,8.84338263177854e-002,0.210769814182783,0.216306408797876,9.19226393629124e-002,0.170420932878271,8.58551384148654e-002,1.56996587030717e-002,6.52256351915055e-003,0.194623102649858,0.31026498585027,0.188191407254952,0.172240802675585,0.134808335477232,0.149729868793414,0.259325958322614,0.204013377926421,0.148829431438127,0.156547465912014,5.62130177514793e-002,2.54695137638281e-002,7.92696808268451e-002,3.83372034785776e-002,0.321449710877385,3.3419842462323e-002,6.55648135500615e-003,1.3204024951054e-003,4.46204981104585e-003,0.515184628693712,5.35868625756266e-002,0.175453759723423,0.365024488619994,0.242005185825411,7.80754825698646e-002,5.09939498703544e-002,3.4860270815327e-002,2470.57820270654
S0081,0.1193106059359,0.100857627286046,7.71699945678118e-002,5.89145500337454e-002,0.136298539893661,0.162257814943456,0.20278523103261,0.142389175130455,0.113623052594588,0.187888016867752,0.193979149584163,8.90711022607473e-002,0.261098746632306,9.36160243645309e-002,3.33840927726368e-002,1.0940611456015e-002,0.26950986632718,0.299384680670486,0.17848504137492,0.155187778485041,9.74326331423722e-002,0.167197114364524,0.2008911521324,0.18939104604286,0.13991088478676,0.184553363038404,8.20708678124337e-002,3.59855718226183e-002,0.301590175808257,2.89721472311846e-002,0.241785737802068,3.54414960163298e-002,2.17291104233884e-003,2.17291104233884e-003,3.86844011325476e-003,0.383996180944229,9.36335403726708e-002,6.08695652173913e-002,5.76863354037267e-002,0.121195652173913,0.140295031055901,0.335326086956522,0.190993788819876,7537.88896041058
S0082,0.11108842148254,0.106187461711252,8.43373493975904e-002,4.92138043700225e-002,0.100265468654278,0.125587094139269,0.238309168878905,0.18521543802328,0.203741596024554,0.238526746565332,0.143525285004385,5.17392575270389e-002,0.109617071031862,6.1677871967261e-002,1.69541069862613e-002,3.59543992984507e-002,0.272101641079936,0.397564849126522,0.133403917416623,0.110111169931181,8.68184224457385e-002,0.311275807305453,0.273160402329275,0.170989941768131,0.108523028057173,9.79354155637904e-002,2.85865537321334e-002,9.52885124404447e-003,1.18464052287582e-002,4.28921568627451e-003,0.242647058823529,2.30800653594771e-002,5.92320261437908e-003,4.08496732026144e-004,1.83823529411765e-003,0.709967320261438,0.259005145797599,8.66209262435678e-002,0.183533447684391,0.134648370497427,0.117495711835334,0.120068610634648,9.86277873070326e-002,960.560197297663
S0083,0.121557744503065,0.109938702692812,8.30105821719374e-002,6.55972675429234e-002,0.146076667378244,0.159433991034125,0.19487054374676,0.119514500930133,0.143696058368182,0.207447281786636,0.213097250645075,8.41711896076163e-002,0.209627191031231,0.106103745884865,2.23774357149213e-002,1.99305988077231e-002,0.269357297600899,0.298162561181096,0.171547781433042,0.142983230361871,0.118029366926101,0.183743881890396,0.198908769959079,0.203723020139613,0.123405279627698,0.172029206451095,7.95956029848351e-002,3.86744764502929e-002,0.12998261612126,6.05995913263594e-002,0.366159382719815,2.6045320076855e-002,2.25685443288908e-003,2.10436426850468e-003,1.82988197261277e-003,0.411021989081704,3.18725099601594e-002,2.77290836653386e-002,8.04780876494024e-002,0.179123505976096,0.212270916334661,0.34390438247012,0.124621513944223,6165.94656610224
S0084,0.120931103132604,0.117408837992819,9.33825656383468e-002,6.04570436794909e-002,0.135054195238987,0.155983596794228,0.19877826745393,0.118004390069595,0.107730305036411,0.237994602026786,0.20209298772725,0.100168050109487,0.192621072465244,5.89448490095228e-002,2.03951723786729e-002,8.42796761216072e-003,0.185162786009475,0.286059872996674,0.19337768370124,0.182340489869973,0.153059167422639,0.120804354399758,0.194839229916339,0.184910795282734,0.173672008870074,0.217971978631186,8.00322548130229e-002,2.78197762322347e-002,0.152524204114274,7.54283575232683e-002,0.282418199452111,3.28052951285498e-002,2.87556788211873e-003,2.12689932109374e-003,7.28250327542495e-003,0.44453897330316,2.2005772005772e-002,1.98412698412698e-002,7.22222222222222e-002,0.205050505050505,0.250721500721501,0.389466089466089,4.06926406926407e-002,6818.89691793352
S0085,9.21679626749611e-002,8.16796267496112e-002,8.91197511664075e-002,8.31353032659409e-002,0.146824261275272,0.148814930015552,0.19793468118196,0.160323483670296,0.176606627390739,0.194179510120022,0.199209979911882,7.9339624234035e-002,0.253903678320026,8.28339438545553e-002,2.49666604770506e-002,1.08543358260605e-002,0.278838591965774,0.294441473465664,0.179244392714461,0.157129824782157,9.03142596495643e-002,0.286325458491931,0.233193872094121,0.181257667746705,9.95627418289345e-002,0.118154078454811,5.32888735097046e-002,2.8185850451414e-002,0.171222395023328,1.48180404354588e-002,0.196292379471229,3.34681181959565e-002,1.06998444790047e-003,1.95334370139969e-003,4.72783825816485e-004,0.580702954898911,2.01412200486167e-002,4.08612107882857e-002,0.115754138210441,0.22826716055099,0.173631207315662,0.237295983331404,0.184049079754601,10557.0481450515
S0086,0.177501374381528,0.131803188565146,0.113386476085761,8.24628916987356e-002,0.150494777350192,0.125,0.13675096206707,8.25316107751512e-002,0.365075586239733,0.278419235805261,0.26068325199381,7.02297345554101e-002,0.101297464587549,4.4994643494822e-002,6.07070586834901e-003,1.2617545530294e-002,0.134705075445816,0.20877914951989,0.150891632373114,0.172290809327846,0.333333333333333,0.229355281207133,0.282853223593964,0.16159122085048,0.108916323731139,0.134156378600823,5.98079561042524e-002,2.33196159122085e-002,2.73483130625988e-002,1.0307153164296e-002,0.765409193980623,1.08568679997251e-002,4.39771868343297e-003,1.30557273414416e-003,7.55857898715042e-004,0.179619322476465,0.130382775119617,0.13755980861244,8.85167464114833e-002,0.113038277511962,0.121411483253589,0.325358851674641,8.37320574162679e-002,2094.40701842755
S0087,0.133388661534499,0.105858111782045,7.8928540766391e-002,6.91411727670778e-002,0.147039464270383,0.158200497953811,0.176630512549008,0.130841656411871,9.61175236096537e-002,0.197229800629591,0.215655823714586,8.13850996852046e-002,0.251878279118573,9.15424973767051e-002,0.03299055613851,1.58656873032529e-002,0.241676847892486,0.309254734270006,0.178604153940134,0.161117898594991,0.109346365302382,0.136530238240684,0.167837507635919,0.15989615149664,0.141493585827734,0.201053756872327,0.133246792913867,6.00183262064753e-002,0.161462953953582,3.55149815413674e-002,0.246487136193229,4.17537131900524e-002,2.89042154365681e-003,2.40391494719973e-003,3.1193658243425e-003,0.506367512806571,1.77736202057998e-002,1.84418014165442e-002,9.2075370840572e-002,0.113323533342242,9.70199118000802e-002,0.345449685954831,0.315916076439931,6256.72792033626
S0088,0.149539333805811,0.120216158752658,0.109984053862509,7.8756201275691e-002,0.145287030474841,0.135409284195606,0.164643869596031,9.62083628632176e-002,0.319502963650646,0.221452545883025,0.234235520959794,0.0694851103335,0.150896236520746,1.69249446547168e-002,1.16403627794044e-002,1.99957152038849e-003,7.98065296251512e-002,0.145707376058041,0.161225312374043,0.187424425634825,0.426037887948408,0.157799274486094,0.195082627972592,0.173720274083031,0.133615477629988,0.215638855300282,8.98831116485288e-002,3.42603788794841e-002,0.42869164673576,1.94879971653822e-002,0.486004074763044,1.48374523872797e-002,1.94879971653822e-003,1.0629816635663e-003,4.82770838869696e-003,4.31393391797325e-002,4.71291072021241e-002,2.82110852970461e-002,9.49220046465317e-002,0.155658811815466,0.133089943577829,0.375705277132426,0.165283770328576,8043.56289145426
S0089,0.12673906255421,7.22339798077924e-002,7.99708566075703e-002,9.13159629462582e-002,0.181625784963397,0.149602747805572,0.174305242341186,0.124310446518405,8.82367091652634e-002,0.183738272792879,0.251864325234544,7.31296608130864e-002,0.282078421938898,0.121818619196536,2.19388982439259e-002,2.50661534760645e-002,0.282961283571678,0.332664806417858,0.171171956749215,0.129752354377398,8.35367980467387e-002,0.152075340076735,0.181374258807115,0.162888036274852,0.138821067317754,0.201255667945588,0.116934077432857,4.64771538193233e-002,0.264337508239947,3.06699510807341e-002,0.207160947854144,3.59435173299101e-002,1.28369704749679e-003,2.2898379766159e-003,5.30826076397322e-003,0.453006279707178,3.56943669827105e-002,6.00483361219558e-002,6.09778769287972e-002,8.03123257110987e-002,6.87860197062651e-002,0.415690648819483,0.27849042572969,7547.02571104244
S0090,0.125962114578052,8.33294925565746e-002,6.60459971424621e-002,7.14845370327695e-002,0.165691109369959,0.157855924782228,0.187537447573397,0.142001198322349,7.09833354535046e-002,0.165373362167663,0.228660475766442,9.08917440529195e-002,0.273247678412416,0.118878005342832,3.04032565831319e-002,2.12441165246152e-002,0.285714285714286,0.318733153638814,0.179469901168014,0.143530997304582,7.25516621743037e-002,0.13162623539982,0.164982030548068,0.161500449236298,0.126123090745732,0.230458221024259,0.12533692722372,5.98607367475292e-002,0.201308876394138,1.8573140381602e-002,0.202691492303438,3.83906350815743e-002,1.3826159093004e-003,3.96349893999447e-003,6.59046916766522e-003,0.527099271822288,2.22810500772116e-002,1.96337966026914e-002,1.76483564968012e-002,7.01522170747849e-002,5.42686962276638e-002,0.29119788219722,0.524818001323627,7621.04392637538
S0091,0.151461988304094,0.150146198830409,0.102631578947368,5.83333333333333e-002,0.130555555555556,0.171052631578947,0.161111111111111,7.47076023391813e-002,0.172024539877301,0.254723926380368,0.219141104294479,8.95705521472393e-002,0.171533742331288,2.1840490797546e-002,9.07975460122699e-003,3.92638036809816e-003,0.115228426395939,0.243147208121827,0.185279187817259,0.210152284263959,0.245177664974619,0.156345177664975,0.162944162436548,0.17258883248731,0.17005076142132,0.228934010152284,8.12182741116751e-002,2.69035532994924e-002,0.114018418359889,4.76538517760561e-002,0.378161087560298,3.94679140476539e-002,3.94679140476539e-003,4.67767870194416e-003,6.28563075573747e-003,0.405788627393656,0.101090909090909,0.210909090909091,0.368727272727273,0.167272727272727,4.43636363636364e-002,7.49090909090909e-002,3.27272727272727e-002,1054.52239797844
S0092,0.122439226431325,8.07340618727499e-002,5.91964826201931e-002,7.28645617612387e-002,0.170038550992449,0.159365342339185,0.205499091980756,0.129926402650779,8.07670712218719e-002,0.120416360730791,0.230510085086166,5.28657193452252e-002,0.281734548438647,0.19388416187967,4.50049669589254e-002,6.68163952835486e-002,0.303075323131778,0.334794235626207,0.181919477046501,0.12383004011291,5.63066409151686e-002,0.191204872975784,0.210592779676125,0.168102807903729,0.138760956767197,0.17805675233992,7.99286881592631e-002,3.31302926756797e-002,0.28114445931307,6.18109985343784e-002,0.125597400114701,4.91301854329956e-002,2.35773911935258e-003,6.59529726629708e-003,1.62492831198624e-003,0.47173899190722,2.7035283335879e-002,4.88773484038491e-002,0.137925767527112,0.136856575530777,0.151061554910646,0.357110126775622,0.141133343516114,8639.43652755014
S0093,0.155369226243013,0.154339511621065,7.90820829655781e-002,4.53662842012357e-002,0.132068255369226,0.172491909385113,0.155398646660783,0.105913503971756,8.2647412755716e-002,0.230950661853189,0.216077015643803,0.11927797833935,0.183297232250301,4.72202166064982e-002,1.89169675090253e-002,4.33212996389892e-003,0.135541576567722,0.270689994102615,0.173383133477492,0.214468252408099,0.205917043444073,7.63711421269904e-002,0.134460389227442,0.17308826420287,0.183212109298211,0.257420876744643,0.128268134460389,4.72773736976607e-002,0.119002088788209,0.117442852519785,0.235562354740961,4.76890941719867e-002,3.08905298461357e-003,3.05963343237916e-003,4.38351328292783e-003,0.469771410079139,1.37037498442756e-002,0.192849134172169,0.346455711972094,0.197458577301607,0.108135044225738,0.112744487355176,2.86532951289398e-002,3207.43809374683
S0094,9.58594007243991e-002,8.49110964767863e-002,7.60207441554165e-002,9.76703984194929e-002,0.148337174843596,0.145785314455054,0.205424761277577,0.145908791570629,2.73593265396544e-002,0.109603455914931,0.199601240584847,8.00841825431989e-002,0.372175454142667,0.151030128489145,3.97651750110767e-002,3.57775808595481e-002,0.383766745468873,0.33438402941949,0.132125032834253,0.106032746694685,4.36914455826985e-002,0.139129673408633,0.18702390333596,0.189300411522634,0.14394536380352,0.168198931792312,0.11154890114701,6.08528149899308e-002,0.107882280304589,2.13624202510805e-002,0.112986211154559,3.7826713315497e-002,1.27598271249228e-003,3.12821568223914e-003,1.8933937024079e-003,0.713644782877135,8.47947581422239e-003,1.92715359414145e-002,0.121025245712083,0.162073617267296,9.98265561765273e-002,0.189631913663519,0.399691655424937,4435.82351897796
S0095,9.19457571399219e-002,8.16724881857407e-002,0.159954797616602,7.79741113622355e-002,0.126155742757345,0.14228477501541,0.205979042531333,0.114136018080953,8.98581997533909e-002,0.173551171393342,0.189272503082614,6.53514180024661e-002,0.308723797780518,7.35203452527744e-002,2.18865598027127e-002,1.03267570900123e-002,0.305658512478379,0.329132690882135,0.176921176179886,0.121077341240425,6.67160859896219e-002,0.195206325673338,0.208302446256486,0.199654064739313,0.124289597232518,0.169261181121819,7.61057573511243e-002,2.69335310106252e-002,0.212840267077555,2.66050333846944e-002,0.146070878274268,4.0472521828454e-002,3.38983050847458e-003,1.33538777606574e-003,2.15716486902928e-003,0.567128916281459,0.196016296966953,5.34178361249434e-002,0.183793571751924,0.184698958804889,0.189678587596197,0.181077410593029,1.13173381620643e-002,2663.83409856068
